Brunswick,"['Netherlands', 1]","['Britain', 11]","['India', 7]","['France', 141]","['Spain', 15]","['America', 47]","['Italy', 134]","['Greece', 25]","['United States', 59]","['Middle east', 10]","['Thailand', 1]","['Mexico', 22]","['Germany', 1]","['Western_Country', 1]","['Japan', 66]","['Vietnam', 4]","['China', 8]","['Europe', 1]","['England', 18]","['Egypt', 1]","['Korea', 1]","['Belgium', 1]","['Canada', 1]"
Moonee Ponds,"['United States', 13]","['America', 32]","['Germany', 1]","['France', 55]","['India', 3]","['Japan', 18]","['England', 5]","['Korea', 1]","['Spain', 3]","['Italy', 35]","['Thailand', 1]","['Netherlands', 1]","['China', 3]","['Europe', 1]","['Greece', 4]","['Western_Country', 1]","['Mexico', 14]","['Belgium', 1]","['Middle east', 1]","['Vietnam', 3]","['Britain', 3]","['Egypt', 1]"
Elsternwick,"['France', 32]","['Germany', 1]","['India', 3]","['England', 2]","['Japan', 20]","['United States', 22]","['Mexico', 17]","['America', 20]","['Italy', 41]","['Spain', 4]","['Netherlands', 1]","['Greece', 4]","['Vietnam', 2]","['Thailand', 1]","['Middle east', 5]","['Egypt', 1]","['Western_Country', 1]","['Britain', 4]","['Canada', 1]","['Belgium', 1]","['Europe', 1]","['China', 4]","['Korea', 1]"
St Kilda East,"['France', 61]","['Japan', 30]","['Europe', 1]","['Netherlands', 1]","['Italy', 45]","['America', 32]","['Greece', 3]","['Germany', 1]","['United States', 35]","['Mexico', 17]","['Western_Country', 1]","['Thailand', 1]","['Spain', 5]","['India', 3]","['England', 1]","['Middle east', 2]","['Belgium', 1]","['China', 7]","['Vietnam', 1]","['Britain', 1]","['Egypt', 1]","['Canada', 1]","['Korea', 1]"
Fitzroy,"['Italy', 249]","['Europe', 1]","['Netherlands', 1]","['America', 104]","['France', 382]","['England', 30]","['Japan', 177]","['Vietnam', 12]","['Mexico', 69]","['United States', 90]","['Western_Country', 1]","['China', 23]","['India', 17]","['Spain', 33]","['Egypt', 1]","['Britain', 6]","['Canada', 1]","['Germany', 1]","['Belgium', 1]","['Greece', 10]","['Middle east', 17]","['Thailand', 1]","['Korea', 1]"
Malvern East,"['Mexico', 47]","['United States', 145]","['France', 224]","['Germany', 1]","['America', 70]","['China', 37]","['Middle east', 12]","['Italy', 219]","['Netherlands', 1]","['Vietnam', 7]","['Spain', 18]","['Western_Country', 1]","['Japan', 150]","['Britain', 6]","['Greece', 7]","['Europe', 1]","['India', 22]","['England', 49]","['Thailand', 1]","['Belgium', 1]","['Egypt', 1]","['Korea', 1]","['Canada', 1]"
Hawthorn East,"['France', 103]","['Germany', 1]","['Italy', 94]","['United States', 48]","['Japan', 61]","['Netherlands', 1]","['Middle east', 17]","['America', 52]","['Egypt', 1]","['Belgium', 1]","['England', 9]","['Britain', 10]","['Western_Country', 1]","['Thailand', 1]","['Mexico', 19]","['Spain', 7]","['China', 7]","['India', 6]","['Greece', 7]","['Europe', 1]","['Korea', 1]","['Vietnam', 4]","['Canada', 1]"
Ormond - Glen Huntly,"['United States', 18]","['Britain', 2]","['China', 4]","['England', 7]","['Italy', 23]","['Spain', 2]","['France', 37]","['Germany', 1]","['Japan', 18]","['America', 12]","['Europe', 1]","['Mexico', 7]","['Greece', 3]","['Belgium', 1]","['Netherlands', 1]","['Egypt', 1]","['Western_Country', 1]","['Middle east', 1]","['Vietnam', 1]","['Korea', 1]","['India', 1]"
Camberwell,"['Italy', 203]","['United States', 86]","['Mexico', 31]","['Netherlands', 1]","['Japan', 93]","['America', 47.666666666666664]","['France', 159.0]","['Germany', 1]","['China', 16]","['Belgium', 1]","['Korea', 1]","['Greece', 8]","['Spain', 10]","['Europe', 1]","['England', 11.5]","['India', 4]","['Middle east', 5]","['Western_Country', 1]","['Vietnam', 1]","['Britain', 3]","['Thailand', 1]","['Egypt', 1]"
Carlton North - Princes Hill,"['Italy', 34]","['Netherlands', 1]","['France', 49]","['Europe', 1]","['Japan', 10]","['Germany', 1]","['Mexico', 8]","['United States', 17]","['England', 2]","['America', 5]","['Belgium', 1]","['Egypt', 1]","['Western_Country', 1]","['Spain', 4]","['Middle east', 3]","['Greece', 3]","['China', 2]","['Thailand', 1]","['Vietnam', 2]","['Britain', 1]"
Kensington (Vic.),"['Japan', 11]","['United States', 8]","['China', 3]","['Western_Country', 1]","['France', 18]","['Mexico', 5]","['Netherlands', 1]","['America', 10]","['Greece', 1]","['England', 3]","['Italy', 18]","['Spain', 2]","['Belgium', 1]","['Europe', 1]","['Germany', 1]","['Vietnam', 1]","['Middle east', 1]"
Hampton,"['Japan', 38]","['France', 90]","['England', 4]","['China', 8]","['America', 18]","['United States', 37]","['Netherlands', 1]","['Italy', 61]","['India', 5]","['Western_Country', 1]","['Germany', 1]","['Spain', 7]","['Egypt', 1]","['Mexico', 14]","['Middle east', 2]","['Greece', 4]","['Britain', 2]","['Belgium', 1]","['Vietnam', 4]","['Europe', 1]","['Korea', 1]","['Thailand', 1]","['Canada', 1]"
Hughesdale,"['United States', 11]","['France', 26]","['Italy', 32]","['England', 3]","['Thailand', 1]","['Mexico', 4]","['Greece', 3]","['Britain', 2]","['Netherlands', 1]","['Japan', 4]","['China', 2]","['Middle east', 1]","['Belgium', 1]","['Korea', 1]","['Germany', 1]","['Western_Country', 1]","['America', 4]","['Spain', 1]","['Egypt', 1]","['Europe', 1]","['Vietnam', 1]"
St Kilda,"['United States', 77]","['Germany', 1]","['Italy', 151]","['Mexico', 48]","['France', 192]","['England', 21]","['Netherlands', 1]","['Europe', 1]","['America', 69]","['Japan', 105]","['China', 11]","['Greece', 21]","['Western_Country', 1]","['Britain', 3]","['Middle east', 3]","['Thailand', 1]","['Spain', 11]","['Belgium', 1]","['Vietnam', 6]","['Korea', 1]","['Egypt', 1]","['India', 3]","['Canada', 1]"
Melbourne,"['Japan', 736]","['Netherlands', 1]","['Italy', 1139]","['United States', 741]","['France', 1453]","['Middle east', 42]","['Spain', 138]","['Greece', 29]","['Western_Country', 1]","['Europe', 1]","['China', 234]","['Mexico', 284]","['America', 542]","['Germany', 1]","['India', 90]","['Belgium', 1]","['England', 139]","['Egypt', 1]","['Thailand', 1]","['Vietnam', 39]","['Korea', 1]","['Britain', 87]","['Canada', 1]"
Pascoe Vale South,"['France', 12]","['Italy', 9]","['Netherlands', 1]","['Middle east', 1]","['Egypt', 1]","['Japan', 3]","['United States', 1]","['Britain', 1]","['Germany', 1]","['America', 1]"
Malvern - Glen Iris,"['United States', 40]","['France', 115]","['Germany', 1]","['Egypt', 1]","['England', 10]","['America', 32]","['Japan', 48]","['Italy', 75]","['Western_Country', 1]","['Spain', 20]","['Greece', 13]","['Netherlands', 1]","['Mexico', 20]","['Middle east', 9]","['Belgium', 1]","['Korea', 1]","['China', 8]","['Britain', 2]","['India', 2]","['Vietnam', 1]","['Europe', 1]","['Canada', 1]","['Thailand', 1]"
Brighton (Vic.),"['Italy', 134]","['Western_Country', 1]","['Japan', 78]","['Middle east', 34]","['France', 128.0]","['Europe', 1]","['Mexico', 18]","['America', 33.0]","['United States', 51]","['India', 2]","['England', 29.0]","['Netherlands', 1]","['China', 7]","['Egypt', 1]","['Germany', 1]","['Belgium', 1]","['Greece', 4]","['Spain', 9]","['Britain', 4]","['Korea', 1]","['Canada', 1]","['Vietnam', 2]","['Thailand', 1]"
Caulfield - North,"['Netherlands', 1]","['Italy', 43]","['America', 27]","['Greece', 6]","['Mexico', 20]","['China', 7]","['France', 52]","['Middle east', 6]","['United States', 15]","['Germany', 1]","['Korea', 1]","['Europe', 1]","['Thailand', 1]","['Japan', 35]","['Belgium', 1]","['England', 9]","['Britain', 1]","['Spain', 7]","['Western_Country', 1]","['India', 2]","['Egypt', 1]","['Canada', 1]","['Vietnam', 1]"
Coburg,"['Italy', 32]","['Greece', 3]","['Japan', 11]","['United States', 13]","['France', 37]","['Netherlands', 1]","['Europe', 1]","['India', 1]","['Britain', 1]","['Western_Country', 1]","['Korea', 1]","['America', 13]","['Middle east', 1]","['England', 2]","['Mexico', 9]","['Spain', 2]","['China', 3]","['Germany', 1]","['Thailand', 1]","['Vietnam', 1]","['Belgium', 1]"
Ascot Vale,"['Japan', 4]","['Europe', 1]","['France', 26]","['Netherlands', 1]","['Germany', 1]","['Egypt', 1]","['America', 7]","['Spain', 1]","['England', 3]","['Italy', 14]","['Mexico', 2]","['India', 1]","['China', 1]","['Middle east', 1]","['Western_Country', 1]","['Greece', 1]","['United States', 2]","['Vietnam', 1]","['Thailand', 1]","['Belgium', 1]","['Britain', 2]"
Cheltenham - Highett (West),"['America', 15]","['Belgium', 1]","['Japan', 17]","['France', 62]","['United States', 25]","['Italy', 54]","['Netherlands', 1]","['Western_Country', 1]","['England', 8]","['China', 3]","['Middle east', 4]","['Vietnam', 1]","['Korea', 1]","['Europe', 1]","['Greece', 3]","['India', 2]","['Egypt', 1]","['Germany', 1]","['Mexico', 6]","['Britain', 2]","['Thailand', 1]","['Spain', 3]"
Beaumaris,"['France', 62]","['Britain', 3]","['United States', 21]","['Japan', 14]","['Spain', 4]","['China', 2]","['Netherlands', 1]","['Europe', 1]","['Italy', 27]","['Germany', 1]","['America', 7]","['Greece', 3]","['Belgium', 1]","['Middle east', 4]","['Western_Country', 1]","['England', 3]","['Vietnam', 3]","['India', 2]","['Mexico', 5]","['Egypt', 1]"
Burwood,"['America', 17]","['Mexico', 4]","['United States', 16]","['France', 32]","['Netherlands', 1]","['Japan', 17]","['Italy', 28]","['Germany', 1]","['India', 3]","['Spain', 6]","['Britain', 2]","['Korea', 1]","['China', 2]","['Belgium', 1]","['Vietnam', 3]","['Europe', 1]","['Middle east', 2]","['Western_Country', 1]","['Greece', 2]","['England', 3]","['Thailand', 1]","['Egypt', 1]"
Fitzroy North,"['Netherlands', 1]","['Europe', 1]","['Italy', 37]","['Germany', 1]","['Spain', 4]","['France', 69]","['Japan', 25]","['Middle east', 3]","['England', 8]","['Greece', 1]","['Belgium', 1]","['America', 25]","['Egypt', 1]","['United States', 16]","['Mexico', 9]","['Vietnam', 1]","['China', 2]","['Western_Country', 1]","['Britain', 4]","['Korea', 1]","['Thailand', 1]"
Cheltenham - Highett (East),"['United States', 55]","['Middle east', 9]","['France', 72]","['Mexico', 19]","['Egypt', 1]","['Vietnam', 5]","['Italy', 64]","['Europe', 1]","['Spain', 11]","['America', 18]","['Thailand', 1]","['India', 3]","['Japan', 38]","['Netherlands', 1]","['Germany', 1]","['China', 8]","['Belgium', 1]","['Britain', 1]","['England', 9]","['Western_Country', 1]","['Greece', 4]","['Korea', 1]"
Thornbury,"['China', 6]","['Netherlands', 1]","['United States', 22]","['Mexico', 9]","['France', 32]","['Japan', 13]","['Canada', 1]","['Italy', 46]","['America', 17]","['Belgium', 1]","['Greece', 3]","['Egypt', 1]","['Germany', 1]","['Europe', 1]","['Britain', 2]","['Western_Country', 1]","['England', 5]","['Korea', 1]","['Spain', 1]","['Middle east', 2]","['India', 3]","['Vietnam', 1]"
Moorabbin - Heatherton,"['America', 41]","['United States', 27]","['France', 41]","['Germany', 1]","['England', 4]","['Italy', 53]","['Japan', 33]","['Vietnam', 3]","['Netherlands', 1]","['Mexico', 16]","['Belgium', 1]","['Spain', 5]","['Thailand', 1]","['Europe', 1]","['India', 2]","['Middle east', 7]","['Greece', 4]","['Britain', 3]","['China', 3]","['Korea', 1]","['Western_Country', 1]","['Canada', 1]","['Egypt', 1]"
Kew East,"['United States', 8]","['Japan', 9]","['France', 10]","['Netherlands', 1]","['England', 3]","['America', 3]","['Middle east', 1]","['China', 3]","['Mexico', 2]","['Italy', 12]","['Belgium', 1]","['Germany', 1]","['Western_Country', 1]","['India', 2]","['Spain', 1]","['Greece', 1]","['Britain', 1]"
Northcote,"['America', 52]","['Spain', 8]","['Japan', 52]","['France', 99]","['Italy', 94]","['Britain', 3]","['United States', 49]","['Netherlands', 1]","['Mexico', 15]","['England', 12]","['Belgium', 1]","['China', 8]","['Europe', 1]","['Germany', 1]","['Greece', 7]","['Middle east', 10]","['Western_Country', 1]","['Vietnam', 2]","['India', 1]","['Egypt', 1]","['Korea', 1]"
Carrum - Patterson Lakes,"['Europe', 1]","['America', 4]","['United States', 5]","['Italy', 7]","['Mexico', 3]","['France', 7]","['Britain', 1]","['Middle east', 1]","['Greece', 1]","['Netherlands', 1]","['Japan', 8]","['Egypt', 1]","['Spain', 2]","['Western_Country', 1]","['Korea', 1]","['India', 1]","['Canada', 1]","['Vietnam', 1]","['Belgium', 1]"
Burwood East,"['France', 12]","['Netherlands', 1]","['China', 7]","['England', 3]","['Italy', 22]","['Japan', 11]","['Middle east', 4]","['Vietnam', 2]","['Greece', 2]","['Spain', 4]","['Britain', 1]","['America', 6]","['Mexico', 5]","['Germany', 1]","['United States', 5]","['Belgium', 1]","['Western_Country', 1]","['India', 2]","['Europe', 1]","['Egypt', 1]"
Kew,"['France', 43]","['China', 3]","['United States', 11]","['Spain', 5]","['England', 4]","['Japan', 26]","['America', 15]","['Netherlands', 1]","['India', 2]","['Mexico', 6]","['Germany', 1]","['Italy', 27]","['Belgium', 1]","['Vietnam', 2]","['Korea', 1]","['Middle east', 1]","['Europe', 1]","['Greece', 2]","['Egypt', 1]","['Britain', 1]","['Western_Country', 1]","['Canada', 1]","['Thailand', 1]"
Chelsea - Bonbeach,"['France', 44]","['Netherlands', 1]","['Spain', 3]","['England', 2]","['Japan', 14]","['India', 1]","['Greece', 4]","['Mexico', 7]","['America', 14]","['Belgium', 1]","['Italy', 28]","['United States', 12]","['Middle east', 1]","['Vietnam', 1]","['China', 4]","['Korea', 1]","['Britain', 2]","['Europe', 1]","['Germany', 1]","['Egypt', 1]","['Thailand', 1]"
Balwyn North,"['France', 18]","['England', 1]","['Greece', 1]","['Italy', 17]","['America', 7]","['Mexico', 3]","['Vietnam', 1]","['Europe', 1]","['Egypt', 1]","['United States', 8]","['Germany', 1]","['Japan', 3]","['Korea', 1]","['Britain', 2]","['Middle east', 1]","['Netherlands', 1]","['Spain', 2]","['Western_Country', 1]","['China', 1]"
Bulleen,"['Mexico', 4]","['Europe', 1]","['Italy', 9]","['Thailand', 1]","['Netherlands', 1]","['Germany', 1]","['Middle east', 1]","['Belgium', 1]","['England', 1]","['United States', 4]","['France', 7]","['Japan', 8]","['America', 4]","['Spain', 1]","['China', 1]","['Britain', 1]","['Egypt', 1]","['Greece', 1]"
Templestowe,"['England', 2]","['China', 1]","['France', 21]","['Mexico', 1]","['Italy', 14]","['Netherlands', 1]","['Britain', 2]","['Belgium', 1]","['Germany', 1]","['United States', 13]","['Greece', 3]","['America', 6]","['Japan', 7]","['Europe', 1]","['Middle east', 1]","['Western_Country', 1]","['Korea', 1]"
Bentleigh East (North),"['Japan', 9]","['England', 2]","['France', 29]","['United States', 10]","['Germany', 1]","['America', 9]","['Egypt', 1]","['Greece', 4]","['Netherlands', 1]","['Europe', 1]","['Spain', 2]","['Italy', 16]","['Middle east', 5]","['China', 2]","['Western_Country', 1]","['Mexico', 5]","['Korea', 1]","['India', 1]","['Vietnam', 1]","['Britain', 1]"
Doncaster,"['France', 42]","['America', 16]","['Germany', 1]","['Italy', 59]","['Greece', 4]","['Netherlands', 1]","['United States', 28]","['Spain', 3]","['Europe', 1]","['Japan', 26]","['China', 5]","['England', 9]","['Britain', 3]","['Middle east', 2]","['Western_Country', 1]","['Mexico', 13]","['Belgium', 1]","['Vietnam', 1]","['Egypt', 1]","['India', 2]","['Thailand', 1]","['Canada', 1]","['Korea', 1]"
Bentleigh - McKinnon,"['Greece', 5]","['France', 64]","['United States', 37]","['Japan', 36]","['Italy', 56]","['Spain', 7]","['Germany', 1]","['Netherlands', 1]","['America', 23]","['England', 11]","['Mexico', 18]","['China', 7]","['Vietnam', 3]","['Britain', 5]","['India', 2]","['Western_Country', 1]","['Belgium', 1]","['Middle east', 4]","['Thailand', 1]","['Europe', 1]","['Korea', 1]","['Egypt', 1]"
Doncaster East (South),"['America', 10]","['Egypt', 1]","['England', 3]","['Mexico', 6]","['France', 32]","['Greece', 4]","['Italy', 38]","['Western_Country', 1]","['United States', 6]","['Spain', 1]","['Thailand', 1]","['Belgium', 1]","['Japan', 8]","['Vietnam', 3]","['Europe', 1]","['Netherlands', 1]","['China', 3]","['India', 1]","['Germany', 1]","['Middle east', 2]"
Southbank,"['Italy', 252]","['United States', 101]","['Netherlands', 1]","['America', 95]","['France', 332]","['Germany', 1]","['Spain', 26]","['Japan', 132]","['Europe', 1]","['Thailand', 1]","['England', 32]","['China', 21]","['India', 11]","['Greece', 30]","['Middle east', 29]","['Mexico', 61]","['Britain', 10]","['Western_Country', 1]","['Korea', 1]","['Vietnam', 9]","['Belgium', 1]","['Egypt', 1]","['Canada', 1]"
Docklands,"['Britain', 6]","['America', 18]","['France', 87]","['Japan', 43]","['Germany', 1]","['Mexico', 10]","['Europe', 1]","['Western_Country', 1]","['Netherlands', 1]","['Greece', 2]","['India', 3]","['United States', 29]","['England', 9]","['Italy', 52]","['Egypt', 1]","['Spain', 7]","['China', 5]","['Belgium', 1]","['Middle east', 4]","['Vietnam', 1]","['Korea', 1]"
Carlton,"['France', 119]","['Greece', 3]","['Italy', 148]","['Japan', 76]","['Belgium', 1]","['Middle east', 3]","['China', 11]","['United States', 71]","['England', 20]","['Britain', 3]","['Germany', 1]","['Korea', 1]","['Netherlands', 1]","['America', 73]","['Europe', 1]","['Mexico', 32]","['Spain', 10]","['Vietnam', 9]","['Western_Country', 1]","['India', 8]","['Thailand', 1]","['Egypt', 1]"
Prahran - Windsor,"['America', 63]","['Netherlands', 1]","['France', 247]","['Spain', 20]","['Western_Country', 1]","['Japan', 133]","['China', 19]","['Italy', 200]","['India', 5]","['Europe', 1]","['Britain', 19]","['United States', 114]","['Greece', 28]","['Mexico', 40]","['Korea', 1]","['England', 21]","['Germany', 1]","['Belgium', 1]","['Egypt', 1]","['Middle east', 7]","['Thailand', 1]","['Vietnam', 5]","['Canada', 1]"
Caulfield - South,"['United States', 11]","['Italy', 13]","['France', 29]","['India', 3]","['Japan', 14]","['Europe', 1]","['Mexico', 10]","['Netherlands', 1]","['America', 30]","['Spain', 3]","['Germany', 1]","['England', 2]","['Greece', 2]","['China', 4]","['Western_Country', 1]","['Britain', 1]","['Egypt', 1]","['Belgium', 1]","['Middle east', 1]","['Vietnam', 1]"
Brunswick East,"['Italy', 33]","['France', 74]","['Netherlands', 1]","['Japan', 28]","['Greece', 1]","['Belgium', 1]","['Germany', 1]","['China', 1]","['Britain', 4]","['United States', 9]","['Middle east', 6]","['America', 12]","['Mexico', 7]","['Vietnam', 4]","['India', 3]","['Egypt', 1]","['Spain', 9]","['Korea', 1]","['Europe', 1]","['England', 9]","['Western_Country', 1]","['Thailand', 1]"
Carnegie,"['England', 12]","['France', 69]","['India', 4]","['Japan', 56]","['United States', 30]","['Britain', 2]","['Europe', 1]","['Korea', 1]","['Italy', 61]","['Mexico', 22]","['Spain', 10]","['America', 20]","['Vietnam', 2]","['China', 6]","['Middle east', 1]","['Netherlands', 1]","['Greece', 8]","['Egypt', 1]","['Germany', 1]","['Belgium', 1]","['Thailand', 1]","['Western_Country', 1]","['Canada', 1]"
Armadale,"['United States', 42]","['France', 151]","['Italy', 103]","['Belgium', 1]","['Greece', 4]","['Japan', 61]","['America', 42]","['Western_Country', 1]","['Netherlands', 1]","['Britain', 4]","['Vietnam', 3]","['Spain', 5]","['China', 4]","['Middle east', 3]","['Germany', 1]","['Mexico', 14]","['England', 8]","['India', 2]","['Korea', 1]","['Europe', 1]","['Thailand', 1]","['Egypt', 1]"
Hawthorn,"['Middle east', 16]","['France', 170]","['United States', 74]","['Korea', 1]","['Mexico', 29]","['India', 5]","['Japan', 54]","['Netherlands', 1]","['Vietnam', 3]","['Belgium', 1]","['China', 12]","['Britain', 4]","['America', 33]","['Italy', 131]","['Germany', 1]","['Europe', 1]","['Greece', 14]","['Western_Country', 1]","['Spain', 12]","['Thailand', 1]","['Egypt', 1]","['England', 8]","['Canada', 1]"
Parkville,"['United States', 24]","['Western_Country', 1]","['Netherlands', 1]","['Japan', 16]","['France', 26]","['Europe', 1]","['Middle east', 1]","['Germany', 1]","['Vietnam', 1]","['Italy', 24]","['America', 5]","['China', 4]","['Spain', 3]","['Mexico', 4]","['Greece', 2]","['Belgium', 1]","['India', 2]","['Egypt', 1]","['Korea', 1]","['England', 2]","['Britain', 2]","['Thailand', 1]"
Flemington,"['China', 3]","['Korea', 1]","['Greece', 4]","['Spain', 2]","['India', 1]","['Mexico', 5]","['Japan', 7]","['Vietnam', 2]","['France', 12]","['Italy', 9]","['America', 7]","['Middle east', 3]","['Netherlands', 1]","['United States', 5]","['England', 2]","['Thailand', 1]","['Britain', 1]","['Belgium', 1]","['Germany', 1]"
Collingwood,"['Italy', 98]","['Greece', 12]","['France', 125]","['Western_Country', 1]","['Netherlands', 1]","['Mexico', 25]","['Europe', 1]","['Japan', 70]","['Egypt', 1]","['United States', 35]","['Vietnam', 6]","['Thailand', 1]","['Germany', 1]","['Britain', 6]","['America', 62]","['India', 11]","['Belgium', 1]","['China', 10]","['England', 14]","['Spain', 10]","['Korea', 1]","['Middle east', 6]"
Abbotsford,"['France', 98]","['Greece', 7]","['Mexico', 22]","['Japan', 68]","['Netherlands', 1]","['America', 39]","['Italy', 90]","['Germany', 1]","['Vietnam', 2]","['Western_Country', 1]","['Middle east', 1]","['Europe', 1]","['China', 7]","['England', 16]","['United States', 46]","['Spain', 18]","['India', 8]","['Korea', 1]","['Britain', 1]","['Belgium', 1]","['Thailand', 1]","['Canada', 1]"
Brighton East,"['France', 14.333333333333332]","['Italy', 11]","['Japan', 5]","['United States', 13]","['Britain', 3]","['Middle east', 11]","['Netherlands', 1]","['Greece', 1]","['Mexico', 4]","['Germany', 1]","['Vietnam', 1]","['China', 2]","['Western_Country', 1]","['England', 1]","['Spain', 1]","['America', 3]","['Korea', 1]","['Egypt', 1]","['Europe', 1]","['Belgium', 1]"
Sandringham - Black Rock,"['America', 19]","['Netherlands', 1]","['France', 51]","['Germany', 1]","['Middle east', 5]","['Italy', 44]","['United States', 21]","['Japan', 28]","['Spain', 3]","['Europe', 1]","['England', 4]","['Korea', 1]","['India', 2]","['Western_Country', 1]","['China', 5]","['Greece', 6]","['Britain', 1]","['Vietnam', 2]","['Thailand', 1]","['Mexico', 4]","['Egypt', 1]"
Moorabbin Airport,"['Italy', 9]","['Western_Country', 1]","['France', 4]","['Mexico', 1]","['Europe', 1]","['Vietnam', 1]","['Germany', 1]","['Japan', 2]","['England', 2]","['United States', 1]"
Mentone,"['France', 19]","['Netherlands', 1]","['Middle east', 1]","['Japan', 11]","['United States', 23]","['Italy', 20]","['Belgium', 1]","['Germany', 1]","['Europe', 1]","['Mexico', 5]","['England', 6]","['Canada', 1]","['America', 5]","['Western_Country', 1]","['Greece', 2]","['Britain', 1]","['Egypt', 1]"
Surrey Hills (West) - Canterbury,"['France', 19]","['Germany', 1]","['Netherlands', 1]","['Italy', 13]","['Spain', 2]","['Western_Country', 1]","['United States', 7]","['Europe', 1]","['Japan', 6]","['Mexico', 2]","['China', 2]","['Belgium', 1]","['Middle east', 1]","['Greece', 2]","['Britain', 1]","['Vietnam', 2]","['America', 5]","['England', 1]","['India', 1]"
South Melbourne,"['Western_Country', 1]","['France', 171]","['Netherlands', 1]","['England', 21]","['Italy', 137]","['Germany', 1]","['Japan', 93]","['United States', 72]","['America', 69]","['Spain', 11]","['Vietnam', 6]","['Middle east', 6]","['Europe', 1]","['Mexico', 20]","['Thailand', 1]","['China', 23]","['Egypt', 1]","['India', 7]","['Britain', 7]","['Belgium', 1]","['Greece', 6]","['Canada', 1]","['Korea', 1]"
East Melbourne,"['France', 62.33333333333333]","['Germany', 1]","['Belgium', 1]","['China', 3]","['United States', 40]","['Japan', 19]","['America', 13.0]","['Italy', 46]","['Greece', 1]","['Egypt', 1]","['Netherlands', 1]","['Britain', 3]","['Spain', 9]","['Mexico', 12]","['Middle east', 1]","['Vietnam', 6]","['Europe', 1]","['Western_Country', 1]","['India', 3]","['England', 2.5]","['Thailand', 1]","['Korea', 1]"
Edithvale - Aspendale,"['United States', 5]","['France', 35]","['Netherlands', 1]","['Mexico', 5]","['Belgium', 1]","['England', 3]","['China', 2]","['Italy', 19]","['Germany', 1]","['Europe', 1]","['Greece', 2]","['Britain', 2]","['Middle east', 1]","['Japan', 4]","['America', 9]","['India', 1]","['Spain', 2]","['Vietnam', 1]","['Western_Country', 1]"
North Melbourne,"['Italy', 64]","['Germany', 1]","['Middle east', 4]","['Mexico', 18]","['America', 19]","['Europe', 1]","['Netherlands', 1]","['Japan', 19]","['France', 63]","['Greece', 3]","['England', 3]","['Spain', 11]","['Korea', 1]","['India', 4]","['United States', 24]","['Western_Country', 1]","['Belgium', 1]","['Britain', 4]","['Egypt', 1]","['Vietnam', 3]","['China', 9]","['Thailand', 1]"
Blackburn South,"['Greece', 1]","['Germany', 1]","['United States', 11]","['Netherlands', 1]","['Korea', 1]","['Italy', 16]","['France', 10]","['China', 2]","['Spain', 4]","['Japan', 4]","['India', 1]","['England', 1]","['Western_Country', 1]","['America', 2]","['Vietnam', 1]","['Europe', 1]"
Box Hill,"['United States', 28]","['Mexico', 12]","['Japan', 39]","['Korea', 1]","['China', 44]","['India', 3]","['France', 52]","['Germany', 1]","['Europe', 1]","['Spain', 5]","['Italy', 51]","['Britain', 4]","['Netherlands', 1]","['Middle east', 2]","['England', 6]","['America', 15]","['Vietnam', 1]","['Belgium', 1]","['Western_Country', 1]","['Egypt', 1]","['Thailand', 1]","['Greece', 6]"
Port Melbourne Industrial,"['Japan', 7]","['India', 1]","['Germany', 1]","['America', 2]","['England', 2]","['Netherlands', 1]","['France', 9]","['United States', 4]","['Italy', 13]","['Middle east', 2]","['Mexico', 4]","['Spain', 1]","['Greece', 2]","['Egypt', 1]","['Vietnam', 1]","['Europe', 1]"
Albert Park,"['Western_Country', 1]","['America', 18]","['Italy', 51]","['Netherlands', 1]","['France', 57.333333333333336]","['Japan', 33]","['Middle east', 1]","['Europe', 1]","['Germany', 1]","['Greece', 10]","['United States', 24]","['England', 5.5]","['Britain', 3]","['Spain', 3]","['Belgium', 1]","['Mexico', 11]","['India', 1]","['China', 5]","['Korea', 1]","['Vietnam', 1]","['Thailand', 1]","['Egypt', 1]","['Canada', 1]"
South Yarra - West,"['United States', 14]","['China', 3]","['France', 23.666666666666668]","['Italy', 15]","['Japan', 14]","['Mexico', 8]","['Germany', 1]","['England', 1.5]","['Britain', 1]","['America', 4]","['Greece', 2]","['Netherlands', 1]","['Egypt', 1]","['Spain', 3]","['Thailand', 1]","['Western_Country', 1]","['Belgium', 1]","['India', 1]","['Europe', 1]"
West Melbourne,"['Western_Country', 1]","['Japan', 1]","['Mexico', 3]","['Middle east', 1]","['China', 1]"
Port Melbourne,"['Mexico', 9]","['America', 25]","['Italy', 33]","['Japan', 21]","['France', 32]","['United States', 15]","['Spain', 7]","['Western_Country', 1]","['Greece', 10]","['England', 4]","['Germany', 1]","['Canada', 1]","['Netherlands', 1]","['Korea', 1]","['Britain', 2]","['India', 4]","['Egypt', 1]","['Vietnam', 2]","['Thailand', 1]","['Europe', 1]"
Richmond (Vic.),"['France', 187]","['Europe', 1]","['Mexico', 42]","['Netherlands', 1]","['Spain', 10]","['Belgium', 1]","['Japan', 125]","['Italy', 196]","['United States', 111]","['America', 120]","['Britain', 8]","['China', 14]","['Germany', 1]","['Greece', 14]","['Vietnam', 4]","['India', 8]","['Thailand', 1]","['Middle east', 7]","['Korea', 1]","['England', 19]","['Egypt', 1]","['Western_Country', 1]","['Canada', 1]"
South Yarra - East,"['Italy', 207]","['Belgium', 1]","['United States', 80]","['France', 206.33333333333331]","['Japan', 142]","['Europe', 1]","['Mexico', 43]","['Britain', 11]","['America', 78]","['England', 23.0]","['Spain', 22]","['Netherlands', 1]","['China', 19]","['Thailand', 1]","['India', 11]","['Korea', 1]","['Western_Country', 1]","['Germany', 1]","['Greece', 10]","['Vietnam', 4]","['Middle east', 10]","['Egypt', 1]","['Canada', 1]"
Toorak,"['Greece', 1]","['Western_Country', 1]","['France', 25.666666666666668]","['America', 6.666666666666666]","['United States', 9]","['Netherlands', 1]","['Vietnam', 2]","['Spain', 3]","['India', 2]","['Italy', 19]","['Europe', 1]","['Japan', 7]","['China', 1]","['Germany', 1]","['Britain', 1]","['England', 1]","['Belgium', 1]","['Middle east', 3]","['Mexico', 3]","['Thailand', 1]"
Chelsea Heights,"['Japan', 6]","['Mexico', 4]","['France', 7]","['Italy', 5]","['Western_Country', 1]","['Netherlands', 1]","['Britain', 1]","['England', 1]","['China', 1]","['America', 1]","['Germany', 1]","['Middle east', 1]","['United States', 3]","['Belgium', 1]"
Aspendale Gardens - Waterways,"['Greece', 1]","['Germany', 1]","['France', 4]","['Europe', 1]","['Netherlands', 1]","['Japan', 2]","['Italy', 3]","['United States', 1]","['Mexico', 1]","['America', 2]","['Middle east', 1]","['Vietnam', 1]"
Brunswick West,"['Netherlands', 1]","['France', 16]","['Europe', 1]","['Japan', 8]","['America', 17]","['Italy', 14]","['Germany', 1]","['Western_Country', 1]","['Spain', 1]","['United States', 8]","['Thailand', 1]","['Mexico', 5]","['Middle east', 1]","['India', 3]","['Greece', 1]","['Belgium', 1]","['England', 1]","['Korea', 1]","['Britain', 1]"
Blackburn,"['Netherlands', 1]","['Italy', 22]","['Middle east', 2]","['United States', 12]","['France', 30]","['Mexico', 9]","['Egypt', 1]","['America', 8]","['Spain', 3]","['Belgium', 1]","['Western_Country', 1]","['Japan', 8]","['Germany', 1]","['Britain', 3]","['Europe', 1]","['Greece', 2]","['Vietnam', 1]","['China', 3]","['Canada', 1]","['Thailand', 1]","['England', 2]"
Essendon - Aberfeldie,"['France', 52]","['Japan', 15]","['Italy', 39]","['United States', 21]","['America', 36]","['Germany', 1]","['Vietnam', 1]","['Greece', 6]","['Netherlands', 1]","['Europe', 1]","['Spain', 4]","['Korea', 1]","['Belgium', 1]","['Mexico', 7]","['Middle east', 1]","['India', 3]","['England', 7]","['Britain', 3]","['Egypt', 1]","['China', 5]","['Western_Country', 1]"
Box Hill North,"['Italy', 8]","['United States', 3]","['France', 4]","['America', 3]","['Vietnam', 1]","['Germany', 1]","['Middle east', 1]","['Netherlands', 1]","['Korea', 1]","['Mexico', 1]","['China', 1]","['Japan', 3]","['Greece', 1]","['Spain', 1]","['Europe', 1]"
Ashburton (Vic.),"['France', 20]","['Germany', 1]","['Spain', 3]","['United States', 8]","['Greece', 2]","['America', 13]","['India', 2]","['Italy', 21]","['Netherlands', 1]","['Japan', 13]","['England', 7]","['Western_Country', 1]","['Mexico', 4]","['China', 2]","['Middle east', 2]","['Vietnam', 1]","['Korea', 1]","['Canada', 1]"
Mordialloc - Parkdale,"['France', 75]","['United States', 21]","['Netherlands', 1]","['Japan', 35]","['Mexico', 9]","['Greece', 6]","['Britain', 3]","['Italy', 58]","['Germany', 1]","['Middle east', 2]","['Belgium', 1]","['Europe', 1]","['England', 16]","['China', 3]","['Western_Country', 1]","['America', 12]","['India', 4]","['Vietnam', 1]","['Egypt', 1]","['Spain', 3]","['Canada', 1]","['Korea', 1]","['Thailand', 1]"
Braeside,"['France', 12]","['United States', 6]","['Japan', 7]","['Spain', 2]","['America', 8]","['Mexico', 5]","['Germany', 1]","['Netherlands', 1]","['Middle east', 2]","['Italy', 3]","['Britain', 1]","['England', 1]","['Canada', 1]","['Vietnam', 1]","['Greece', 1]"
Murrumbeena,"['United States', 12]","['Britain', 3]","['France', 18]","['Italy', 18]","['Germany', 1]","['China', 5]","['Netherlands', 1]","['Japan', 11]","['England', 2]","['America', 12]","['Greece', 2]","['Mexico', 3]","['Spain', 1]","['India', 1]","['Belgium', 1]","['Europe', 1]","['Thailand', 1]","['Egypt', 1]","['Middle east', 1]"
Balwyn,"['France', 56]","['United States', 21]","['Italy', 30]","['Japan', 16]","['America', 26]","['Belgium', 1]","['Germany', 1]","['China', 3]","['Netherlands', 1]","['Vietnam', 1]","['Spain', 4]","['India', 1]","['Mexico', 4]","['Britain', 2]","['England', 2]","['Western_Country', 1]","['Greece', 5]","['Egypt', 1]","['Middle east', 1]","['Europe', 1]","['Thailand', 1]","['Korea', 1]"
Glen Iris - East,"['France', 25]","['Japan', 25]","['Italy', 25]","['America', 14]","['United States', 15]","['India', 1]","['Egypt', 1]","['Thailand', 1]","['Mexico', 5]","['Britain', 4]","['Germany', 1]","['Netherlands', 1]","['Vietnam', 2]","['England', 5]","['China', 4]","['Europe', 1]","['Spain', 2]","['Western_Country', 1]","['Greece', 1]","['Middle east', 2]","['Korea', 1]","['Belgium', 1]"
Alphington - Fairfield,"['France', 26]","['America', 8]","['Mexico', 3]","['Netherlands', 1]","['Japan', 5]","['United States', 14]","['Italy', 19]","['Middle east', 2]","['Belgium', 1]","['Germany', 1]","['England', 2]","['Egypt', 1]","['Vietnam', 3]","['Britain', 1]","['Greece', 5]","['India', 3]","['Western_Country', 1]","['Europe', 1]","['China', 1]"
Elwood,"['Greece', 6]","['Mexico', 10]","['France', 26]","['Italy', 38]","['Spain', 3]","['America', 7]","['Netherlands', 1]","['Middle east', 8]","['Japan', 19]","['Belgium', 1]","['Europe', 1]","['United States', 8]","['India', 3]","['England', 3]","['Western_Country', 1]","['Germany', 1]","['Egypt', 1]","['China', 3]","['Canada', 1]","['Korea', 1]","['Thailand', 1]"
Bentleigh East (South),"['Japan', 10]","['America', 10]","['Netherlands', 1]","['United States', 15]","['France', 26]","['Italy', 16]","['China', 2]","['Germany', 1]","['Greece', 2]","['Mexico', 7]","['Europe', 1]","['Belgium', 1]","['Britain', 3]","['England', 3]","['Spain', 2]","['Korea', 1]","['Thailand', 1]","['Middle east', 1]"
Yarra - North,"['Japan', 6]","['Netherlands', 1]","['America', 5]","['France', 11]","['Germany', 1]","['United States', 7]","['Italy', 17]","['Mexico', 6]","['Europe', 1]","['England', 1]","['China', 2]","['Western_Country', 1]","['Spain', 1]","['Britain', 1]","['Middle east', 2]","['Greece', 1]","['India', 1]"
Doncaster East (North),"['America', 2]","['Korea', 1]","['United States', 9]","['France', 17]","['Netherlands', 1]","['Japan', 9]","['England', 1]","['Italy', 10]","['Mexico', 2]","['Middle east', 2]","['Spain', 2]","['Greece', 2]","['China', 2]","['Europe', 1]","['Britain', 1]","['India', 1]","['Egypt', 1]","['Vietnam', 1]","['Germany', 1]"
Flemington Racecourse,"['Italy', 9]","['France', 20]","['Mexico', 3]","['America', 3]","['Germany', 1]","['Netherlands', 1]","['Japan', 6]","['Europe', 1]","['United States', 9]","['Middle east', 2]","['Belgium', 1]","['Britain', 1]","['India', 2]","['England', 2]","['Spain', 1]","['Vietnam', 1]"
Surrey Hills (East) - Mont Albert,"['Mexico', 5]","['France', 15]","['Italy', 18]","['Europe', 1]","['England', 3]","['America', 10]","['China', 2]","['Middle east', 1]","['Japan', 6]","['United States', 3]","['Britain', 1]","['Netherlands', 1]","['Vietnam', 1]","['Western_Country', 1]","['Korea', 1]"
Templestowe Lower,"['France', 5]","['America', 3]","['Italy', 9]","['England', 1]","['Mexico', 3]","['China', 2]","['Spain', 2]","['Japan', 3]","['United States', 3]","['Middle east', 1]","['Netherlands', 1]","['Canada', 1]","['Korea', 1]"
